{
  "timestamp": "2025-10-30T12:53:45.128261",
  "config": {
    "model_path": "output/dqn_level3_stable/checkpoints/best_model.pth",
    "algorithm": "dqn",
    "num_episodes": 20,
    "seed": 42,
    "num_satellites": 97
  },
  "dqn_metrics": {
    "agent_name": "DQN Agent",
    "num_episodes": 20,
    "mean_reward": 1.6038673381378625,
    "std_reward": 2.337519977375604,
    "min_reward": -1.0,
    "max_reward": 6.707598305885358,
    "mean_handovers": 1.4,
    "std_handovers": 1.6852299546352716,
    "mean_ping_pongs": 0.2,
    "mean_avg_rsrp": -87.79623413085938,
    "mean_episode_length": 46.45,
    "episode_rewards": [
      0.2518249329478879,
      0.8831871930275862,
      2.4955713265502646,
      2.053142660338411,
      0.20915616956612437,
      -1.0,
      6.707598305885358,
      -0.3770887675017739,
      5.175339340828911,
      2.333116584709565,
      6.344850468970651,
      2.093561544890349,
      -0.9764064308349963,
      0.09206283253423295,
      4.333633750703655,
      1.0857533932294083,
      2.084175033040529,
      -0.6,
      -0.28012254695386907,
      -0.8320090291750396
    ],
    "episode_handovers": [
      4,
      6,
      0,
      0,
      0,
      0,
      1,
      2,
      2,
      3,
      0,
      2,
      0,
      1,
      4,
      0,
      0,
      1,
      2,
      0
    ],
    "episode_ping_pongs": [
      1,
      1,
      0,
      0,
      0,
      0,
      0,
      0,
      0,
      0,
      0,
      1,
      0,
      0,
      1,
      0,
      0,
      0,
      0,
      0
    ]
  },
  "baseline_metrics": {
    "agent_name": "RSRP Baseline",
    "num_episodes": 20,
    "mean_reward": -0.25842515942274974,
    "std_reward": 1.2909262769478655,
    "min_reward": -3.0358664831218087,
    "max_reward": 2.4955713265502646,
    "mean_handovers": 1.45,
    "std_handovers": 1.2835497652993437,
    "mean_ping_pongs": 0.15,
    "mean_avg_rsrp": -87.42498016357422,
    "mean_episode_length": 22.25,
    "episode_rewards": [
      -0.5757673350686562,
      -3.0358664831218087,
      2.4955713265502646,
      -0.4079141619931682,
      0.20915616956612437,
      -1.0,
      2.3969777650610267,
      -1.5778981910552357,
      -0.9262576439255752,
      0.020345160135661386,
      -0.6,
      0.20531638574089803,
      -0.9764064308349963,
      -0.5778336988101188,
      -0.6,
      2.2285077724315223,
      -0.4659125972218733,
      -0.6,
      -0.54851219673402,
      -0.8320090291750396
    ],
    "episode_handovers": [
      1,
      5,
      0,
      2,
      0,
      0,
      2,
      4,
      2,
      2,
      1,
      2,
      0,
      2,
      1,
      2,
      1,
      1,
      1,
      0
    ],
    "episode_ping_pongs": [
      0,
      1,
      0,
      1,
      0,
      0,
      1,
      0,
      0,
      0,
      0,
      0,
      0,
      0,
      0,
      0,
      0,
      0,
      0,
      0
    ]
  },
  "comparison": {
    "reward_improvement_absolute": 1.8622924975606123,
    "reward_improvement_percent": null,
    "handover_reduction_percent": 3.448275862068969,
    "ping_pong_reduction_percent": -33.33333333333335,
    "dqn_mean_reward": 1.6038673381378625,
    "baseline_mean_reward": -0.25842515942274974,
    "dqn_mean_handovers": 1.4,
    "baseline_mean_handovers": 1.45
  }
}