{
  "timestamp": "2025-10-30T03:16:20.410081",
  "config": {
    "model_path": "output/dqn_level2_reward_adjusted/checkpoints/best_model.pth",
    "algorithm": "dqn",
    "num_episodes": 20,
    "seed": 42,
    "num_satellites": 97
  },
  "dqn_metrics": {
    "agent_name": "DQN Agent",
    "num_episodes": 20,
    "mean_reward": -1.26,
    "std_reward": 0.6390618123468184,
    "min_reward": -3.1,
    "max_reward": -0.6,
    "mean_handovers": 0.95,
    "std_handovers": 1.499166435056495,
    "mean_ping_pongs": 0.1,
    "mean_avg_rsrp": -52.61956787109375,
    "mean_episode_length": 32.3,
    "episode_rewards": [
      -0.6,
      -3.1,
      -1.0,
      -1.0,
      -1.0,
      -1.0,
      -1.5,
      -1.0,
      -1.0,
      -1.5,
      -0.6,
      -0.6,
      -1.0,
      -1.0,
      -2.1,
      -1.6,
      -2.6,
      -1.0,
      -1.0,
      -1.0
    ],
    "episode_handovers": [
      1,
      6,
      0,
      0,
      0,
      0,
      1,
      0,
      0,
      1,
      1,
      1,
      0,
      0,
      2,
      3,
      3,
      0,
      0,
      0
    ],
    "episode_ping_pongs": [
      0,
      0,
      0,
      0,
      0,
      0,
      0,
      0,
      0,
      0,
      0,
      0,
      0,
      0,
      1,
      0,
      1,
      0,
      0,
      0
    ]
  },
  "baseline_metrics": {
    "agent_name": "RSRP Baseline",
    "num_episodes": 20,
    "mean_reward": -1.27,
    "std_reward": 0.681248853210044,
    "min_reward": -3.6,
    "max_reward": -0.6,
    "mean_handovers": 1.05,
    "std_handovers": 1.4309088021254186,
    "mean_ping_pongs": 0.15,
    "mean_avg_rsrp": -52.4307975769043,
    "mean_episode_length": 16.05,
    "episode_rewards": [
      -0.6,
      -3.6,
      -1.0,
      -1.0,
      -1.0,
      -1.0,
      -2.1,
      -1.0,
      -1.0,
      -2.1,
      -2.1,
      -1.1,
      -1.0,
      -1.0,
      -1.1,
      -0.6,
      -1.1,
      -1.0,
      -1.0,
      -1.0
    ],
    "episode_handovers": [
      1,
      5,
      0,
      0,
      0,
      0,
      2,
      0,
      0,
      2,
      4,
      2,
      0,
      0,
      2,
      1,
      2,
      0,
      0,
      0
    ],
    "episode_ping_pongs": [
      0,
      1,
      0,
      0,
      0,
      0,
      1,
      0,
      0,
      1,
      0,
      0,
      0,
      0,
      0,
      0,
      0,
      0,
      0,
      0
    ]
  },
  "comparison": {
    "reward_improvement_percent": 0.7874015748031503,
    "handover_reduction_percent": 9.52380952380953,
    "ping_pong_reduction_percent": 33.33333333333333,
    "dqn_mean_reward": -1.26,
    "baseline_mean_reward": -1.27,
    "dqn_mean_handovers": 0.95,
    "baseline_mean_handovers": 1.05
  }
}