{
  "timestamp": "2025-10-28T16:48:33.013834",
  "config": {
    "model_path": "output/dqn_level2_stabilized/checkpoints/final_model.pth",
    "algorithm": "dqn",
    "num_episodes": 20,
    "seed": 42,
    "num_satellites": 97
  },
  "dqn_metrics": {
    "agent_name": "DQN Agent",
    "num_episodes": 20,
    "mean_reward": -0.745,
    "std_reward": 0.3787809393303733,
    "min_reward": -1.4,
    "max_reward": -0.1,
    "mean_handovers": 1.1,
    "std_handovers": 2.095232683975696,
    "mean_ping_pongs": 0.2,
    "mean_avg_rsrp": -52.51862335205078,
    "mean_episode_length": 24.4,
    "episode_rewards": [
      -0.4,
      -1.4,
      -1.0,
      -1.0,
      -1.0,
      -1.0,
      -0.1,
      -1.0,
      -1.0,
      -0.1,
      -0.30000000000000004,
      -0.30000000000000004,
      -1.0,
      -1.0,
      -0.2,
      -0.5,
      -0.6,
      -1.0,
      -1.0,
      -1.0
    ],
    "episode_handovers": [
      3,
      9,
      0,
      0,
      0,
      0,
      0,
      0,
      0,
      0,
      2,
      2,
      0,
      0,
      1,
      2,
      3,
      0,
      0,
      0
    ],
    "episode_ping_pongs": [
      0,
      2,
      0,
      0,
      0,
      0,
      0,
      0,
      0,
      0,
      0,
      0,
      0,
      0,
      0,
      1,
      1,
      0,
      0,
      0
    ]
  },
  "baseline_metrics": {
    "agent_name": "RSRP Baseline",
    "num_episodes": 20,
    "mean_reward": -0.7300000000000001,
    "std_reward": 0.32264531609803354,
    "min_reward": -1.0,
    "max_reward": -0.2,
    "mean_handovers": 1.05,
    "std_handovers": 1.4309088021254186,
    "mean_ping_pongs": 0.15,
    "mean_avg_rsrp": -52.4307975769043,
    "mean_episode_length": 16.05,
    "episode_rewards": [
      -0.2,
      -0.8,
      -1.0,
      -1.0,
      -1.0,
      -1.0,
      -0.5,
      -1.0,
      -1.0,
      -0.5,
      -0.5,
      -0.30000000000000004,
      -1.0,
      -1.0,
      -0.30000000000000004,
      -0.2,
      -0.30000000000000004,
      -1.0,
      -1.0,
      -1.0
    ],
    "episode_handovers": [
      1,
      5,
      0,
      0,
      0,
      0,
      2,
      0,
      0,
      2,
      4,
      2,
      0,
      0,
      2,
      1,
      2,
      0,
      0,
      0
    ],
    "episode_ping_pongs": [
      0,
      1,
      0,
      0,
      0,
      0,
      1,
      0,
      0,
      1,
      0,
      0,
      0,
      0,
      0,
      0,
      0,
      0,
      0,
      0
    ]
  },
  "comparison": {
    "reward_improvement_percent": -2.0547945205479317,
    "handover_reduction_percent": -4.761904761904765,
    "ping_pong_reduction_percent": -33.33333333333335,
    "dqn_mean_reward": -0.745,
    "baseline_mean_reward": -0.7300000000000001,
    "dqn_mean_handovers": 1.1,
    "baseline_mean_handovers": 1.05
  }
}