{
  "timestamp": "2025-10-30T01:45:57.470930",
  "config": {
    "model_path": "output/dqn_level3/checkpoints/final_model.pth",
    "algorithm": "dqn",
    "num_episodes": 20,
    "seed": 42,
    "num_satellites": 97
  },
  "dqn_metrics": {
    "agent_name": "DQN Agent",
    "num_episodes": 20,
    "mean_reward": -1.0250000000000001,
    "std_reward": 0.4414464859980201,
    "min_reward": -2.100000000000001,
    "max_reward": -0.1,
    "mean_handovers": 2.65,
    "std_handovers": 4.574658457196558,
    "mean_ping_pongs": 0.6,
    "mean_avg_rsrp": -52.48912811279297,
    "mean_episode_length": 54.25,
    "episode_rewards": [
      -0.6,
      -1.6000000000000005,
      -1.0,
      -1.0,
      -1.0,
      -1.0,
      -0.1,
      -1.0,
      -1.0,
      -1.1,
      -1.8000000000000005,
      -0.2,
      -1.0,
      -1.0,
      -1.2000000000000002,
      -2.100000000000001,
      -0.8,
      -1.0,
      -1.0,
      -1.0
    ],
    "episode_handovers": [
      3,
      11,
      0,
      0,
      0,
      0,
      0,
      0,
      0,
      1,
      11,
      1,
      0,
      0,
      5,
      16,
      5,
      0,
      0,
      0
    ],
    "episode_ping_pongs": [
      1,
      2,
      0,
      0,
      0,
      0,
      0,
      0,
      0,
      0,
      3,
      0,
      0,
      0,
      3,
      2,
      1,
      0,
      0,
      0
    ]
  },
  "baseline_metrics": {
    "agent_name": "RSRP Baseline",
    "num_episodes": 20,
    "mean_reward": -0.7300000000000001,
    "std_reward": 0.32264531609803354,
    "min_reward": -1.0,
    "max_reward": -0.2,
    "mean_handovers": 1.05,
    "std_handovers": 1.4309088021254186,
    "mean_ping_pongs": 0.15,
    "mean_avg_rsrp": -52.4307975769043,
    "mean_episode_length": 16.05,
    "episode_rewards": [
      -0.2,
      -0.8,
      -1.0,
      -1.0,
      -1.0,
      -1.0,
      -0.5,
      -1.0,
      -1.0,
      -0.5,
      -0.5,
      -0.30000000000000004,
      -1.0,
      -1.0,
      -0.30000000000000004,
      -0.2,
      -0.30000000000000004,
      -1.0,
      -1.0,
      -1.0
    ],
    "episode_handovers": [
      1,
      5,
      0,
      0,
      0,
      0,
      2,
      0,
      0,
      2,
      4,
      2,
      0,
      0,
      2,
      1,
      2,
      0,
      0,
      0
    ],
    "episode_ping_pongs": [
      0,
      1,
      0,
      0,
      0,
      0,
      1,
      0,
      0,
      1,
      0,
      0,
      0,
      0,
      0,
      0,
      0,
      0,
      0,
      0
    ]
  },
  "comparison": {
    "reward_improvement_percent": -40.41095890410959,
    "handover_reduction_percent": -152.38095238095238,
    "ping_pong_reduction_percent": -300.0,
    "dqn_mean_reward": -1.0250000000000001,
    "baseline_mean_reward": -0.7300000000000001,
    "dqn_mean_handovers": 2.65,
    "baseline_mean_handovers": 1.05
  }
}