{
  "timestamp": "2025-10-30T09:19:20.811083",
  "config": {
    "model_path": "output/dqn_level3_stable/checkpoints/best_model.pth",
    "algorithm": "dqn",
    "num_episodes": 20,
    "seed": 42,
    "num_satellites": 97
  },
  "dqn_metrics": {
    "agent_name": "DQN Agent",
    "num_episodes": 20,
    "mean_reward": 0.9585129880106666,
    "std_reward": 2.4895509480834033,
    "min_reward": -1.0,
    "max_reward": 6.707598305885358,
    "mean_handovers": 1.0,
    "std_handovers": 1.6431676725154984,
    "mean_ping_pongs": 0.15,
    "mean_avg_rsrp": -52.58546829223633,
    "mean_episode_length": 35.85,
    "episode_rewards": [
      0.2518249329478879,
      0.8831871930275862,
      -1.0,
      -1.0,
      2.4955713265502646,
      -1.0,
      2.053142660338411,
      0.20915616956612437,
      -1.0,
      6.707598305885358,
      -0.3770887675017739,
      5.175339340828911,
      -1.0,
      -1.0,
      2.333116584709565,
      6.344850468970651,
      2.093561544890349,
      -1.0,
      -1.0,
      -1.0
    ],
    "episode_handovers": [
      4,
      6,
      0,
      0,
      0,
      0,
      0,
      0,
      0,
      1,
      2,
      2,
      0,
      0,
      3,
      0,
      2,
      0,
      0,
      0
    ],
    "episode_ping_pongs": [
      1,
      1,
      0,
      0,
      0,
      0,
      0,
      0,
      0,
      0,
      0,
      0,
      0,
      0,
      0,
      0,
      1,
      0,
      0,
      0
    ]
  },
  "baseline_metrics": {
    "agent_name": "RSRP Baseline",
    "num_episodes": 20,
    "mean_reward": -0.5398168504055235,
    "std_reward": 1.1969492945571925,
    "min_reward": -3.0358664831218087,
    "max_reward": 2.4955713265502646,
    "mean_handovers": 1.05,
    "std_handovers": 1.4309088021254186,
    "mean_ping_pongs": 0.15,
    "mean_avg_rsrp": -52.4307975769043,
    "mean_episode_length": 16.05,
    "episode_rewards": [
      -0.5757673350686562,
      -3.0358664831218087,
      -1.0,
      -1.0,
      2.4955713265502646,
      -1.0,
      -0.4079141619931682,
      0.20915616956612437,
      -1.0,
      2.3969777650610267,
      -1.5778981910552357,
      -0.9262576439255752,
      -1.0,
      -1.0,
      0.020345160135661386,
      -0.6,
      0.20531638574089803,
      -1.0,
      -1.0,
      -1.0
    ],
    "episode_handovers": [
      1,
      5,
      0,
      0,
      0,
      0,
      2,
      0,
      0,
      2,
      4,
      2,
      0,
      0,
      2,
      1,
      2,
      0,
      0,
      0
    ],
    "episode_ping_pongs": [
      0,
      1,
      0,
      0,
      0,
      0,
      1,
      0,
      0,
      1,
      0,
      0,
      0,
      0,
      0,
      0,
      0,
      0,
      0,
      0
    ]
  },
  "comparison": {
    "reward_improvement_percent": 277.5626283786081,
    "handover_reduction_percent": 4.761904761904765,
    "ping_pong_reduction_percent": 0.0,
    "dqn_mean_reward": 0.9585129880106666,
    "baseline_mean_reward": -0.5398168504055235,
    "dqn_mean_handovers": 1.0,
    "baseline_mean_handovers": 1.05
  }
}