{
  "timestamp": "2025-10-31T03:19:22.711613",
  "config": {
    "model_path": "output/dqn_level4_official/checkpoints/best_model.pth",
    "algorithm": "dqn",
    "num_episodes": 20,
    "seed": 42,
    "num_satellites": 97
  },
  "dqn_metrics": {
    "agent_name": "DQN Agent",
    "num_episodes": 20,
    "mean_reward": 0.20259657772224413,
    "std_reward": 3.639768309990082,
    "min_reward": -9.914909278206268,
    "max_reward": 7.084604065820122,
    "mean_handovers": 4.5,
    "std_handovers": 6.844705983459042,
    "mean_ping_pongs": 0.8,
    "mean_avg_rsrp": -87.6242904663086,
    "mean_episode_length": 54.3,
    "episode_rewards": [
      1.2081613159049902,
      -3.43516108882206,
      2.4955713265502646,
      0.06958651432917712,
      0.20915616956612437,
      -1.0,
      4.5440103668032865,
      -4.9559611899716245,
      -0.7079949891709317,
      0.8077265062070539,
      5.645146556149793,
      7.084604065820122,
      -0.9764064308349963,
      -0.3108448590121746,
      -1.8478415742503806,
      1.0857533932294083,
      2.084175033040529,
      -9.914909278206268,
      2.7991687462876103,
      -0.8320090291750396
    ],
    "episode_handovers": [
      3,
      11,
      0,
      2,
      0,
      0,
      0,
      16,
      2,
      1,
      9,
      1,
      0,
      2,
      4,
      0,
      0,
      26,
      13,
      0
    ],
    "episode_ping_pongs": [
      0,
      2,
      0,
      1,
      0,
      0,
      0,
      2,
      0,
      0,
      2,
      0,
      0,
      0,
      0,
      0,
      0,
      8,
      1,
      0
    ]
  },
  "baseline_metrics": {
    "agent_name": "RSRP Baseline",
    "num_episodes": 20,
    "mean_reward": -0.25842515942274974,
    "std_reward": 1.2909262769478655,
    "min_reward": -3.0358664831218087,
    "max_reward": 2.4955713265502646,
    "mean_handovers": 1.45,
    "std_handovers": 1.2835497652993437,
    "mean_ping_pongs": 0.15,
    "mean_avg_rsrp": -87.42498016357422,
    "mean_episode_length": 22.25,
    "episode_rewards": [
      -0.5757673350686562,
      -3.0358664831218087,
      2.4955713265502646,
      -0.4079141619931682,
      0.20915616956612437,
      -1.0,
      2.3969777650610267,
      -1.5778981910552357,
      -0.9262576439255752,
      0.020345160135661386,
      -0.6,
      0.20531638574089803,
      -0.9764064308349963,
      -0.5778336988101188,
      -0.6,
      2.2285077724315223,
      -0.4659125972218733,
      -0.6,
      -0.54851219673402,
      -0.8320090291750396
    ],
    "episode_handovers": [
      1,
      5,
      0,
      2,
      0,
      0,
      2,
      4,
      2,
      2,
      1,
      2,
      0,
      2,
      1,
      2,
      1,
      1,
      1,
      0
    ],
    "episode_ping_pongs": [
      0,
      1,
      0,
      1,
      0,
      0,
      1,
      0,
      0,
      0,
      0,
      0,
      0,
      0,
      0,
      0,
      0,
      0,
      0,
      0
    ]
  },
  "comparison": {
    "reward_improvement_absolute": 0.46102173714499384,
    "reward_improvement_percent": null,
    "handover_reduction_percent": -210.3448275862069,
    "ping_pong_reduction_percent": -433.33333333333337,
    "dqn_mean_reward": 0.20259657772224413,
    "baseline_mean_reward": -0.25842515942274974,
    "dqn_mean_handovers": 4.5,
    "baseline_mean_handovers": 1.45
  }
}