{
  "timestamp": "2025-10-30T02:03:58.641856",
  "config": {
    "model_path": "output/dqn_level3/checkpoints/best_model.pth",
    "algorithm": "dqn",
    "num_episodes": 20,
    "seed": 42,
    "num_satellites": 97
  },
  "dqn_metrics": {
    "agent_name": "DQN Agent",
    "num_episodes": 20,
    "mean_reward": -1.0500000000000003,
    "std_reward": 0.8760707733967618,
    "min_reward": -4.400000000000001,
    "max_reward": -0.1,
    "mean_handovers": 2.2,
    "std_handovers": 5.57314991723711,
    "mean_ping_pongs": 0.5,
    "mean_avg_rsrp": -52.7553596496582,
    "mean_episode_length": 53.05,
    "episode_rewards": [
      -0.2,
      -0.2,
      -1.0,
      -1.0,
      -1.0,
      -1.0,
      -1.1,
      -1.0,
      -1.0,
      -1.1,
      -0.2,
      -4.400000000000001,
      -1.0,
      -1.0,
      -0.1,
      -2.0000000000000004,
      -0.7000000000000001,
      -1.0,
      -1.0,
      -1.0
    ],
    "episode_handovers": [
      1,
      1,
      0,
      0,
      0,
      0,
      1,
      0,
      0,
      1,
      1,
      24,
      0,
      0,
      0,
      11,
      4,
      0,
      0,
      0
    ],
    "episode_ping_pongs": [
      0,
      0,
      0,
      0,
      0,
      0,
      0,
      0,
      0,
      0,
      0,
      5,
      0,
      0,
      0,
      4,
      1,
      0,
      0,
      0
    ]
  },
  "baseline_metrics": {
    "agent_name": "RSRP Baseline",
    "num_episodes": 20,
    "mean_reward": -0.7300000000000001,
    "std_reward": 0.32264531609803354,
    "min_reward": -1.0,
    "max_reward": -0.2,
    "mean_handovers": 1.05,
    "std_handovers": 1.4309088021254186,
    "mean_ping_pongs": 0.15,
    "mean_avg_rsrp": -52.4307975769043,
    "mean_episode_length": 16.05,
    "episode_rewards": [
      -0.2,
      -0.8,
      -1.0,
      -1.0,
      -1.0,
      -1.0,
      -0.5,
      -1.0,
      -1.0,
      -0.5,
      -0.5,
      -0.30000000000000004,
      -1.0,
      -1.0,
      -0.30000000000000004,
      -0.2,
      -0.30000000000000004,
      -1.0,
      -1.0,
      -1.0
    ],
    "episode_handovers": [
      1,
      5,
      0,
      0,
      0,
      0,
      2,
      0,
      0,
      2,
      4,
      2,
      0,
      0,
      2,
      1,
      2,
      0,
      0,
      0
    ],
    "episode_ping_pongs": [
      0,
      1,
      0,
      0,
      0,
      0,
      1,
      0,
      0,
      1,
      0,
      0,
      0,
      0,
      0,
      0,
      0,
      0,
      0,
      0
    ]
  },
  "comparison": {
    "reward_improvement_percent": -43.83561643835618,
    "handover_reduction_percent": -109.52380952380953,
    "ping_pong_reduction_percent": -233.33333333333334,
    "dqn_mean_reward": -1.0500000000000003,
    "baseline_mean_reward": -0.7300000000000001,
    "dqn_mean_handovers": 2.2,
    "baseline_mean_handovers": 1.05
  }
}